{"Two or more races pop": [0, 3472.5], "county_pop2018_18 and older": [88, 119360.25], "CI90UBINC_2018": [24272.375, 86579.375], "High school diploma only 2014-18": [15, 33826.25], "POP_ESTIMATE_2018": [88, 153337.625], "ICU Beds_x": [0, 30.0], "30-39": [11, 18936.5], "TOT_POP": [88, 153337.625], "Active General Surgeons per 100000 Population 2018 (AAMC)": [4.8, 10.400000000000002], "Population Aged 60+": [27, 36043.5], "R_NATURAL_INC_2018": [-14.4, 10.2], "R_birth_2018": [5.649999999999998, 16.450000000000003], "Native American/American Indian-alone pop": [0, 1555.5], "% Two or more races": [0.0, 3.9885908494999995], "% White-alone": [55.76859182750003, 119.37360850749998], "Unemployment_rate_2018": [0.5500000000000003, 7.35], "Asian-alone pop": [0, 2080.125], "Employed_2018": [0, 68788.25], "Percent of Population Aged 60+": [11.299999999999997, 37.7], "10-19 y/o % of total pop": [8.697336139999999, 16.63644994], "Bachelor's degree or higher 2014-18": [0, 24439.25], "Heart disease_number": [7, 9742.25], "80+ y/o % of total pop": [1.120405860375, 8.102385609375], "Percent of adults with a bachelor's degree or higher 2014-18": [0.0, 41.5], "Obesity_prevalence": [24.15, 46.15], "Percent of adults completing some college or associate's degree 2014-18": [16.949999999999996, 44.550000000000004], "Med_HH_Income_Percent_of_State_Total_2018": [41.7, 133.7], "70-79 y/o % of total pop": [3.4120230551250015, 13.066029404124997], "CNTY_FIPS": [1, 280.0], "GQ_ESTIMATES_2018": [0, 5349.75], "Total physician assistants (2019)": [0.009726214, 42.782360291625], "PCTPOV517_2018": [0.0, 42.14999999999999], "diabetes_number": [11, 14916.5], "Less than a high school diploma 2014-18": [4, 12888.375], "Civilian_labor_force_2018": [0, 71711.0], "% NA/AI-alone": [0.0, 2.7520983715], "COPD_prevalence": [2.3500000000000005, 15.549999999999999], "% Black-alone": [0.0, 25.829528788750004], "Active Patient Care General Surgeons per 100000 Population 2018 (AAMC)": [4.449999999999999, 8.850000000000001], "anycondition_number": [41, 56180.625], "Median_Household_Income_2018": [20959.125, 81540.125], "60-69": [20, 19561.5], "50-59": [14, 20668.625], "Hawaiian/Pacific Islander-alone pop": [0, 165.0], "Total Population": [74, 152301.375], "Active Primary Care Physicians per 100000 Population 2018 (AAMC)": [54.64999999999998, 119.85000000000002], "30-39 y/o % of total pop": [7.7642376849999994, 15.564463085000002], "Family Medicine/General Practice Primary Care (2019)": [0.030355701, 70.31241441825], "0-9 y/o % of total pop": [7.0588377662499955, 16.487640596250003], "40-49": [4, 18433.375], "POVALL_2018": [0, 21097.625], "White-alone pop": [24, 133951.25], "Internal Medicine Primary Care (2019)": [0.04677256, 84.99048587812501], "anycondition_prevalence": [30.749999999999996, 63.150000000000006], "Percent of adults with less than a high school diploma 2014-18": [1.2, 29.799999999999997], "Total Active Patient Care Physicians per 100000 Population 2018 (AAMC)": [146.20000000000005, 297.4], "CKD_number": [3, 3968.5], "Black-alone pop": [0, 14199.5], "20-29 y/o % of total pop": [6.468544207500002, 17.2104902675], "Heart disease_prevalence": [3.8, 13.400000000000002], "CKD_prevalence": [2.0500000000000007, 4.85], "Total Hospitals (2019)": [0.001362909, 2.9057676592500004], "19-Oct": [0, 19993.875], "Percent of adults with a high school diploma only 2014-18": [15.550000000000006, 53.54999999999999], "N_POP_CHG_2018": [-24009, 868.25], "% Asian-alone": [0.0, 2.88503860575], "% Hawaiian/PI-alone": [0.0, 0.248227469625], "MEDHHINC_2018": [20959.125, 81540.125], "Active Physicians per 100000 Population 2018 (AAMC)": [150.79999999999995, 355.6], "40-49 y/o % of total pop": [8.133868276249999, 14.937412626250001], "50-59 y/o % of total pop": [10.202730187500004, 16.964945307499995], "COPD_number": [7, 10595.0], "CI90LBINC_2018": [18106.25, 75818.25], "Total nurse practitioners (2019)": [0.025523569, 79.88024761137498], "Obesity_number": [25, 41743.75], "Some college or associate's degree 2014-18": [24, 32587.75], "Active Patient Care Primary Care Physicians per 100000 Population 2018 (AAMC)": [51.45000000000001, 108.65], "PCTPOV017_2018": [0.0, 44.0], "PCTPOVALL_2018": [0.0, 29.55], "80+": [0, 6449.875], "R_death_2018": [3.4499999999999993, 17.45], "Total Specialist Physicians (2019)": [0.11175854, 237.56324629249997], "Unemployed_2018": [0, 2889.5], "0-9": [0, 18321.75], "60-69 y/o % of total pop": [7.352197581250003, 18.736288271249997], "70-79": [6, 12508.875], "20-29": [0, 20545.0], "diabetes_prevalence": [5.799999999999997, 20.200000000000003]}